Question|Choices1|Choices2|Choices3|Choics4|Answer|Subject
weadfasdf 2|fasdfasdf|gcxz|asdaq|asddas|asdaq|National Artists
weadfasdf 2|fasdfasdf|gcxz|asdaq|asddas|fasdfasdf|GAMABA
qwerty 3|Sanaol Test|asdasd|asdasd|asdasdq|Sanaol Test|CAFP
weadfasdf 2|fasdfasdf|gcxz|asdaq|asddas|asddas|CATPP
weadfasdf 2|fasdfasdf|gcxz|asdaq|asddas|gcxz|GAMABA
weadfasdf 2|fasdfasdf|gcxz|asdaq|asddas|asddas|CAFP
weadfasdf 2|fasdfasdf|gcxz|asdaq|asddas|fasdfasdf|National Artists
Have a nice day|Yeah|Lol Nice|BUg|ASd|Bug|CATPP
nice, hello?|fasdfasdf|gcxz|asdaq|asddas|fasdfasdf|National Artists
Testing|dadsfadsf|dafdasf|asdfasdf|dasfadsf|dafdasf|National Artists
The person|Levi Celerio|Buenvenido Lumbrera|Ginaw Bilog|Fernando Amorsolo|Levi Celerio|National Artists
