Question|Choices_1|Choices_2|Choices_3|Choices_4|Choices_5|Choices_6|Choices_7|Choices_8|Choices_9|Choices_10|Choices_11|Choices_12|Subject
Question 1|fsadfda|fadsfads|hgdhgd|sdfgsdf|ghdhg|sfdgsdf|sfdgsfdg|fsgsdg|gsfdgsdfg|gdsfgd|hgshgfh|trewt|National Artists
|TRUE|FALSE|TRUE|FALSE|TRUE|TRUE|FALSE|TRUE|FALSE|TRUE|FALSE|TRUE|
Question 2|fsadfda|fadsfads|hgdhgd|sdfgsdf|ghdhg|sfdgsdf|sfdgsfdg|fsgsdg|gsfdgsdfg|gdsfgd|hgshgfh|trewt|National Artists
|TRUE|FALSE|TRUE|FALSE|TRUE|TRUE|FALSE|TRUE|FALSE|TRUE|FALSE|TRUE
Question 3|fsadfda|fadsfads|hgdhgd|sdfgsdf|ghdhg|sfdgsdf|sfdgsfdg|fsgsdg|gsfdgsdfg|gdsfgd|hgshgfh|trewt|National Artists
|TRUE|FALSE|TRUE|FALSE|TRUE|TRUE|FALSE|TRUE|FALSE|TRUE|FALSE|TRUE
Question 4|fsadfda|fadsfads|hgdhgd|sdfgsdf|ghdhg|sfdgsdf|sfdgsfdg|fsgsdg|gsfdgsdfg|gdsfgd|hgshgfh|trewt|National Artists
|TRUE|FALSE|TRUE|FALSE|TRUE|TRUE|FALSE|TRUE|FALSE|TRUE|FALSE|TRUE
Question 5|fsadfda|fadsfads|hgdhgd|sdfgsdf|ghdhg|sfdgsdf|sfdgsfdg|fsgsdg|gsfdgsdfg|gdsfgd|hgshgfh|trewt|National Artists
|TRUE|FALSE|TRUE|FALSE|TRUE|TRUE|FALSE|TRUE|FALSE|TRUE|FALSE|TRUE
dfdq12vac|raa232fads|fadsf35afd|adfads12|adfadf3|adfadsf5|dafadsf2|dfasdf1|adfasf5|adfadf3|afdfasd|adfaga|adfaf|CATPP
|FALSE|TRUE|FALSE|TRUE|FALSE|TRUE|TRUE|FALSE|TRUE|FALSE|TRUE|TRUE
fdaf23|fadf35|adfadf6|adfa1|adfasd5|asdfadsf7|adag7|afdsafdas9ad|dafdasfads7|fadsf1|adfasdf1|dafsdaf1|fadfadsf2|GAMABA
|FALSE|TRUE|TRUE|FALSE|TRUE|FALSE|FALSE|TRUE|FALSE|TRUE|TRUE|FALSE

