Question|Choies_1|Choices_2|Choices_3|Choices_4|Choices_5|Choices_6|Choices_7|Subjects
dafdaf|dafadfa|adfadsf|dafadf|dfadfg|hgdh|gasdfw|gfagfdg|National Artists
|TRUE|FALSE|TRUE|TRUE|FALSE|FALSE|TRUE
fdasfads|test 1|dafdafhj|dafahjj|adsfhjad|dasfagh|adsfghads|adsfagh|National Artists
|FALSE|TRUE|TRUE|FALSE|TRUE|FALSE|TRUE
dfadgagd|test 2|gdfsgw2|sfdgfsdg5|asfgfad|23rsvsdfg|gfagds|asfgasg|National Artists
|TRUE|FALSE|TRUE|FALSE|TRUE|FALSE|TRUE
dfadgagd|test 3|gdfsgw2|sfdgfsdg5|asfgfad|23rsvsdfg|gfagds|asfgasg|CATPP
|TRUE|FALSE|TRUE|FALSE|TRUE|FALSE|TRUE
dfadgagd|test 4|gdfsgw2|sfdgfsdg5|asfgfad|23rsvsdfg|gfagds|asfgasg|CATPP
|TRUE|FALSE|TRUE|FALSE|TRUE|FALSE|TRUE
dfadgagd|test 3|gdfsgw2|sfdgfsdg5|asfgfad|23rsvsdfg|gfagds|asfgasg|National Artists
|TRUE|FALSE|TRUE|FALSE|TRUE|FALSE|TRUE
dfadgagd|test 4|gdfsgw2|sfdgfsdg5|asfgfad|23rsvsdfg|gfagds|asfgasg|National Artists
|TRUE|FALSE|TRUE|FALSE|TRUE|FALSE|TRUE
dfadgagd|test 5|deranged|sfdgfsdg5|asfgfad|23rsvsdfg|gfagds|asfgasg|National Artists
|TRUE|FALSE|TRUE|FALSE|TRUE|FALSE|TRUE