Question|Choices1|Choices2|Choices3|Choics4|Answer|Subjects
weadfasdf 2|fasdfasdf|gcxz|asdaq|asddas|asdaq|National Artists
weadfasdf 2|fasdfasdf|gcxz|asdaq|asddas|fasdfasdf|CAFP
qwerty 3|Sanaol Test|asdasd|asdasd|asdasdq|Sanaol Test|CATPP
weadfasdf 2|fasdfasdf|gcxz|asdaq|asddas|asddas|CAP
weadfasdf 2|fasdfasdf|gcxz|asdaq|asddas|gcxz|GAMABA
weadfasdf 2|fasdfasdf|gcxz|asdaq|asddas|asddas|GAMABA
weadfasdf 2|fasdfasdf|gcxz|asdaq|asddas|fasdfasdf|National Artists
Have a nice day|Yeah|Lol Nice|BUg|ASd|Bug|CATPP

